Betashares Portfolio Holdings,
,
Fund Name,Betashares Australia 200 ETF
Fund ASX Code,A200
Date,2026-08-27
,
Ticker,Name,Asset Class,Sector,Country,Currency,Weight (%),Shares/Units (#),Market Value (AUD),Notional Value (AUD)
BHP AT,BHP GROUP LTD,Equities,Materials,Australia,AUD,12.44025628,20567209.0,1365662677.6,1365662677.6
CBA AT,COMMONWEALTH BANK OF AUSTRALIA,Equities,Financials,Australia,AUD,9.52719379,6749312.0,1045873387.52,1045873387.52
NAB AT,NATIONAL AUSTRALIA BANK LTD,Equities,Financials,Australia,AUD,4.29140451,12403910.0,471100501.8,471100501.8
WBC AT,WESTPAC BANKING CORP,Equities,Financials,Australia,AUD,4.24706073,13843009.0,466232543.12,466232543.12
ANZ AT,ANZ GROUP HOLDINGS LTD,Equities,Financials,Australia,AUD,4.05131476,12198135.0,444744002.1,444744002.1
MQG AT,MACQUARIE GROUP LTD,Equities,Financials,Australia,AUD,3.50421816,1532976.0,384684997.44,384684997.44
WES AT,WESFARMERS LTD,Equities,Consumer Discretionary,Australia,AUD,3.31956797,4586138.0,364414525.48,364414525.48
CSL AT,CSL LTD,Equities,Healthcare,Australia,AUD,3.06916044,1937689.0,336925363.32,336925363.32
RIO AT,RIO TINTO LTD,Equities,Materials,Australia,AUD,2.32494588,1428244.0,255227202.8,255227202.8
WDS AT,WOODSIDE ENERGY GROUP LTD,Equities,Energy,Australia,AUD,2.23617941,7671332.0,245482624.0,245482624.0
GMG AT,GOODMAN GROUP,Equities,Real Estate,Australia,AUD,2.04312023,8004605.0,224289032.1,224289032.1
TLS AT,TELSTRA GROUP LTD,Equities,Communication Services,Australia,AUD,1.88418733,45161953.0,206841744.74,206841744.74
WOW AT,WOOLWORTHS GROUP LTD,Equities,Consumer Staples,Australia,AUD,1.77661802,4931303.0,195033033.65,195033033.65
TCL AT,TRANSURBAN GROUP,Equities,Industrials,Australia,AUD,1.59923539,12630243.0,175560377.7,175560377.7
NST AT,NORTHERN STAR RESOURCES LTD,Equities,Materials,Australia,AUD,1.23632301,5576035.0,135720691.9,135720691.9
QBE AT,QBE INSURANCE GROUP LTD,Equities,Financials,Australia,AUD,1.2027479,6020743.0,132034893.99,132034893.99
COL AT,COLES GROUP LTD,Equities,Consumer Staples,Australia,AUD,1.1735055,5426484.0,128824730.16,128824730.16
EVN AT,EVOLUTION MINING LTD,Equities,Materials,Australia,AUD,1.16465308,8153886.0,127852932.48,127852932.48
ALL AT,ARISTOCRAT LEISURE LTD,Equities,Consumer Discretionary,Australia,AUD,1.15517494,2109673.0,126812444.03,126812444.03
FMG AT,FORTESCUE METALS GROUP LTD,Equities,Materials,Australia,AUD,1.02964663,6386002.0,113032235.4,113032235.4
STO AT,SANTOS LTD,Equities,Energy,Australia,AUD,0.9642952,13133760.0,105858105.6,105858105.6
BXB AT,BRAMBLES LTD,Equities,Industrials,Australia,AUD,0.96332251,5409275.0,105751326.25,105751326.25
S32 AT,SOUTH32 LTD,Equities,Materials,Australia,AUD,0.85916981,18103202.0,94317682.42,94317682.42
CPU AT,COMPUTERSHARE LTD,Equities,Industrials,Australia,AUD,0.74455216,2094164.0,81735220.92,81735220.92
ORG AT,ORIGIN ENERGY LTD,Equities,Utilities,Australia,AUD,0.73702407,6909377.0,80908804.67,80908804.67
SUN AT,SUNCORP GROUP LTD,Equities,Financials,Australia,AUD,0.73278655,4267566.0,80443619.1,80443619.1
SCG AT,SCENTRE GROUP,Equities,Real Estate,Australia,AUD,0.68617422,21099895.0,75326625.15,75326625.15
RMD AT,RESMED INC,Equities,Healthcare,Australia,AUD,0.67661557,2293217.0,74277298.63,74277298.63
IAG AT,INSURANCE AUSTRALIA GROUP LTD,Equities,Financials,Australia,AUD,0.67331924,9415979.0,73915435.15,73915435.15
PLS AT,PILBARA MINERALS LTD,Equities,Materials,Australia,AUD,0.59207581,12620722.0,64996718.3,64996718.3
SOL AT,WASHINGTON H SOUL PATTINSON &,Equities,Financials,Australia,AUD,0.56527961,1418078.0,62055093.28,62055093.28
NEM AT,NEWMONT CORP,Equities,Materials,Australia,AUD,0.56146581,338160.0,61636423.2,61636423.2
LYC AT,LYNAS RARE EARTHS LTD,Equities,Materials,Australia,AUD,0.54016023,3615704.0,59297545.6,59297545.6
QAN AT,QANTAS AIRWAYS LTD,Equities,Industrials,Australia,AUD,0.5323964,6050233.0,58445250.78,58445250.78
JHX AT,JAMES HARDIE INDUSTRIES PLC,Equities,Materials,Australia,AUD,0.52163471,1371918.0,57263857.32,57263857.32
APA AT,APA GROUP,Equities,Utilities,Australia,AUD,0.52050114,5305424.0,57139416.48,57139416.48
BSL AT,BLUESCOPE STEEL LTD,Equities,Materials,Australia,AUD,0.49283926,1764604.0,54102758.64,54102758.64
SIG AT,SIGMA HEALTHCARE LTD,Equities,Healthcare,Australia,AUD,0.49189263,20610244.0,53998839.28,53998839.28
XRO AT,XERO LTD,Equities,Information Technology,Australia,AUD,0.4841022,650234.0,53143624.82,53143624.82
MPL AT,MEDIBANK PVT LTD,Equities,Financials,Australia,AUD,0.47989291,11137746.0,52681538.58,52681538.58
MIN AT,MINERAL RESOURCES LTD,Equities,Materials,Australia,AUD,0.40954706,687764.0,44959132.68,44959132.68
TLC AT,LOTTERY CORP LTD/THE,Equities,Consumer Discretionary,Australia,AUD,0.40869912,8884366.0,44866048.3,44866048.3
ALQ AT,ALS LTD,Equities,Industrials,Australia,AUD,0.40572906,1989281.0,44540001.59,44540001.59
SFR AT,SANDFIRE RESOURCES LTD,Equities,Materials,Australia,AUD,0.39724661,1874036.0,43608817.72,43608817.72
ASX AT,ASX LTD,Equities,Financials,Australia,AUD,0.39578627,788253.0,43448505.36,43448505.36
SGP AT,STOCKLAND,Equities,Real Estate,Australia,AUD,0.39414645,9789251.0,43268489.42,43268489.42
NXT AT,NEXTDC LTD,Equities,Information Technology,Australia,AUD,0.38038368,3074937.0,41757644.46,41757644.46
ORI AT,ORICA LTD,Equities,Materials,Australia,AUD,0.37619826,1871236.0,41298178.52,41298178.52
CAR AT,CARSALES.COM LTD,Equities,Communication Services,Australia,AUD,0.37291975,1450169.0,40938270.87,40938270.87
ALD AT,AMPOL LTD,Equities,Energy,Australia,AUD,0.37032093,961973.0,40652978.98,40652978.98
VCX AT,VICINITY LTD,Equities,Real Estate,Australia,AUD,0.36008492,15939231.0,39529292.88,39529292.88
PME AT,PRO MEDICUS LTD,Equities,Healthcare,Australia,AUD,0.35039559,214604.0,38465620.96,38465620.96
TNE AT,TECHNOLOGY ONE LTD,Equities,Information Technology,Australia,AUD,0.3482332,1208225.0,38228239.0,38228239.0
SHL AT,SONIC HEALTHCARE LTD,Equities,Healthcare,Australia,AUD,0.33838743,1848129.0,37147392.9,37147392.9
RHC AT,RAMSAY HEALTH CARE LTD,Equities,Healthcare,Australia,AUD,0.33621116,737285.0,36908487.1,36908487.1
COH AT,COCHLEAR LTD,Equities,Healthcare,Australia,AUD,0.33096725,263740.0,36332822.4,36332822.4
PRU AT,PERSEUS MINING LTD,Equities,Materials,Australia,AUD,0.33092928,5398017.0,36328654.41,36328654.41
LNW AT,LIGHT & WONDER INC,Equities,Consumer Discretionary,Australia,AUD,0.32833831,281222.0,36044223.74,36044223.74
GPT AT,GPT GROUP/THE,Equities,Real Estate,Australia,AUD,0.32794515,7742164.0,36001062.6,36001062.6
CHC AT,CHARTER HALL GROUP,Equities,Real Estate,Australia,AUD,0.32008657,1771087.0,35138366.08,35138366.08
GMD AT,GENESIS MINERALS LTD,Equities,Materials,Australia,AUD,0.3186691,4189552.0,34982759.2,34982759.2
AMC AT,AMCOR PLC,Equities,Materials,Australia,AUD,0.31768732,535961.0,34874982.27,34874982.27
SGH AT,SGH LTD,Equities,Industrials,Australia,AUD,0.28379376,785929.0,31154225.56,31154225.56
WTC AT,WISETECH GLOBAL LTD,Equities,Information Technology,Australia,AUD,0.28078459,779365.0,30823885.75,30823885.75
REA AT,REA GROUP LTD,Equities,Communication Services,Australia,AUD,0.27794478,177077.0,30512137.87,30512137.87
RMS AT,RAMELIUS RESOURCES LTD,Equities,Materials,Australia,AUD,0.26730853,7504991.0,29344514.81,29344514.81
MGR AT,MIRVAC GROUP,Equities,Real Estate,Australia,AUD,0.26466432,15963868.0,29054239.76,29054239.76
JBH AT,JB HI-FI LTD,Equities,Consumer Discretionary,Australia,AUD,0.26312812,437528.0,28885598.56,28885598.56
FPH AT,FISHER & PAYKEL HEALTHCARE COR,Equities,Healthcare,Australia,AUD,0.25975868,782324.0,28515709.8,28515709.8
VAU AT,VAULT MINERALS LTD,Equities,Materials,Australia,AUD,0.25374432,4108476.0,27855467.28,27855467.28
CMM AT,CAPRICORN METALS LTD,Equities,Materials,Australia,AUD,0.25201127,1594537.0,27665216.95,27665216.95
GGP AT,GREATLAND RESOURCES LTD,Equities,Materials,Australia,AUD,0.24624779,2069871.0,27032515.26,27032515.26
DNL AT,DYNO NOBEL LTD,Equities,Materials,Australia,AUD,0.24393693,7103139.0,26778834.03,26778834.03
RRL AT,REGIS RESOURCES LTD,Equities,Materials,Australia,AUD,0.23461762,3030092.0,25755782.0,25755782.0
WHC AT,WHITEHAVEN COAL LTD,Equities,Energy,Australia,AUD,0.23191792,3135396.0,25459415.52,25459415.52
AZJ AT,AURIZON HOLDINGS LTD,Equities,Industrials,Australia,AUD,0.23056674,6767670.0,25311085.8,25311085.8
SDF AT,STEADFAST GROUP LTD,Equities,Financials,Australia,AUD,0.2274283,4275095.0,24966554.8,24966554.8
WGX AT,WESTGOLD RESOURCES LTD,Equities,Materials,Australia,AUD,0.22684314,3796085.0,24902317.6,24902317.6
DXS AT,DEXUS,Equities,Real Estate,Australia,AUD,0.22549212,4282700.0,24754006.0,24754006.0
BEN AT,BENDIGO & ADELAIDE BANK LTD,Equities,Financials,Australia,AUD,0.22295894,2339954.0,24475918.84,24475918.84
HUB AT,HUB24 LTD,Equities,Financials,Australia,AUD,0.22121884,319328.0,24284894.4,24284894.4
CWY AT,CLEANAWAY WASTE MANAGEMENT LTD,Equities,Industrials,Australia,AUD,0.21151246,9070059.0,23219351.04,23219351.04
ANN AT,ANSELL LTD,Equities,Healthcare,Australia,AUD,0.20630102,562106.0,22647250.74,22647250.74
IGO AT,IGO LTD,Equities,Materials,Australia,AUD,0.20590502,2726632.0,22603779.28,22603779.28
AMP AT,AMP LTD,Equities,Financials,Australia,AUD,0.20577799,9612695.0,22589833.25,22589833.25
PDN AT,PALADIN ENERGY LTD,Equities,Energy,Australia,AUD,0.19666681,1787221.0,21589629.68,21589629.68
AGL AT,AGL ENERGY LTD,Equities,Utilities,Australia,AUD,0.19030857,2429260.0,20891636.0,20891636.0
CDA AT,CODAN LTD/AUSTRALIA,Equities,Information Technology,Australia,AUD,0.18670684,421560.0,20496247.2,20496247.2
SEK AT,SEEK LTD,Equities,Communication Services,Australia,AUD,0.18504974,1386644.0,20314334.6,20314334.6
CGF AT,CHALLENGER LTD,Equities,Financials,Australia,AUD,0.17659057,2021450.0,19385705.5,19385705.5
EDV AT,ENDEAVOUR GROUP LTD/AUSTRALIA,Equities,Consumer Staples,Australia,AUD,0.17102551,6135551.0,18774786.06,18774786.06
WOR AT,WORLEY LTD,Equities,Industrials,Australia,AUD,0.16912702,1834622.0,18566374.64,18566374.64
ALX AT,ATLAS ARTERIA LTD,Equities,Industrials,Australia,AUD,0.16114347,3763821.0,17689958.7,17689958.7
VNT AT,VENTIA SERVICES GROUP PTY LTD,Equities,Industrials,Australia,AUD,0.16027086,3246156.0,17594165.52,17594165.52
XYZ AT,BLOCK INC,Equities,Financials,Australia,AUD,0.16007739,152981.0,17572927.47,17572927.47
REH AT,REECE LTD,Equities,Industrials,Australia,AUD,0.15895418,1043014.0,17449624.22,17449624.22
TLX AT,TELIX PHARMACEUTICALS LTD,Equities,Healthcare,Australia,AUD,0.15838939,1116022.0,17387622.76,17387622.76
BOQ AT,BANK OF QUEENSLAND LTD,Equities,Financials,Australia,AUD,0.15288284,2643012.0,16783126.2,16783126.2
DOW AT,DOWNER EDI LTD,Equities,Industrials,Australia,AUD,0.15151598,2520163.0,16633075.8,16633075.8
TWE AT,TREASURY WINE ESTATES LTD,Equities,Consumer Staples,Australia,AUD,0.15000139,2961656.0,16466807.36,16466807.36
MP1 AT,MEGAPORT LTD,Equities,Information Technology,Australia,AUD,0.14745974,948874.0,16187790.44,16187790.44
WAF AT,WEST AFRICAN RESOURCES LTD,Equities,Materials,Australia,AUD,0.14353314,4040189.0,15756737.1,15756737.1
AUB AT,AUB GROUP LTD,Equities,Financials,Australia,AUD,0.13955117,518430.0,15319606.5,15319606.5
EMR AT,EMERALD RESOURCES NL,Equities,Materials,Australia,AUD,0.13579845,2114559.0,14907640.95,14907640.95
SGM AT,SIMS LTD,Equities,Materials,Australia,AUD,0.13345104,606372.0,14649947.52,14649947.52
APE AT,EAGERS AUTOMOTIVE LTD,Equities,Consumer Discretionary,Australia,AUD,0.12937897,638908.0,14202924.84,14202924.84
360 AT,LIFE360 INC,Equities,Information Technology,Australia,AUD,0.12735452,699734.0,13980685.32,13980685.32
A2M AT,A2 MILK CO LTD/THE,Equities,Consumer Staples,Australia,AUD,0.12546751,2010735.0,13773534.75,13773534.75
NWH AT,NRW HOLDINGS LTD,Equities,Industrials,Australia,AUD,0.12430881,1767660.0,13646335.2,13646335.2
BRG AT,BREVILLE GROUP LTD,Equities,Consumer Discretionary,Australia,AUD,0.12135893,407915.0,13322503.9,13322503.9
NHF AT,NIB HOLDINGS LTD/AUSTRALIA,Equities,Financials,Australia,AUD,0.12004169,1960997.0,13177899.84,13177899.84
PDIDB AT,PREDICTIVE DISCOVERY LTD,Equities,Materials,Australia,AUD,0.11819619,2948933.0,12975305.2,12975305.2
PNI AT,PINNACLE INVESTMENT MANAGEMENT,Equities,Financials,Australia,AUD,0.11574865,724850.0,12706620.5,12706620.5
VEA AT,VIVA ENERGY GROUP LTD,Equities,Energy,Australia,AUD,0.11544873,4415922.0,12673696.14,12673696.14
RWC AT,RELIANCE WORLDWIDE CORP LTD,Equities,Industrials,Australia,AUD,0.11473996,2999021.0,12595888.2,12595888.2
ZIP AT,ZIP CO LTD,Equities,Financials,Australia,AUD,0.11256664,4827073.0,12357306.88,12357306.88
MTS AT,METCASH LTD,Equities,Consumer Staples,Australia,AUD,0.11252111,4187223.0,12352307.85,12352307.85
ILU AT,ILUKA RESOURCES LTD,Equities,Materials,Australia,AUD,0.10986188,1722912.0,12060384.0,12060384.0
NHC AT,NEW HOPE CORP LTD,Equities,Energy,Australia,AUD,0.10625626,1983770.0,11664567.6,11664567.6
CSC AT,CAPSTONE COPPER CORP,Equities,Materials,Australia,AUD,0.10621359,717090.0,11659883.4,11659883.4
RSG AT,RESOLUTE MINING LTD,Equities,Materials,Australia,AUD,0.10520781,8399615.0,11549470.62,11549470.62
AAI AT,ALCOA CORP,Equities,Materials,Australia,AUD,0.10044483,160061.0,11026602.29,11026602.29
AIA AT,AUCKLAND INTERNATIONAL AIRPORT,Equities,Industrials,Australia,AUD,0.10012752,1550320.0,10991768.8,10991768.8
MND AT,MONADELPHOUS GROUP LTD,Equities,Industrials,Australia,AUD,0.09901577,373530.0,10869723.0,10869723.0
RGN AT,REGION RE LTD,Equities,Real Estate,Australia,AUD,0.09403708,4629226.0,10323173.98,10323173.98
DBI AT,DALRYMPLE BAY INFRASTRUCTURE L,Equities,Industrials,Australia,AUD,0.09328589,1954334.0,10240710.16,10240710.16
NWL AT,NETWEALTH GROUP LTD,Equities,Financials,Australia,AUD,0.09146858,467033.0,10041209.5,10041209.5
BGL AT,BELLEVUE GOLD LTD,Equities,Materials,Australia,AUD,0.0886509,5827480.0,9731891.6,9731891.6
LTR AT,LIONTOWN RESOURCES LTD,Equities,Materials,Australia,AUD,0.08615728,8260391.0,9458147.7,9458147.7
HVN AT,HARVEY NORMAN HOLDINGS LTD,Equities,Consumer Discretionary,Australia,AUD,0.08596058,2097012.0,9436554.0,9436554.0
PPT AT,PERPETUAL LTD,Equities,Financials,Australia,AUD,0.08470315,459640.0,9298517.2,9298517.2
NEU AT,NEUREN PHARMACEUTICALS LTD,Equities,Healthcare,Australia,AUD,0.08462192,441941.0,9289599.82,9289599.82
YAL AT,YANCOAL AUSTRALIA LTD,Equities,Energy,Australia,AUD,0.08446107,1550492.0,9271942.16,9271942.16
CLW AT,CHARTER HALL LONG WALE REIT,Equities,Real Estate,Australia,AUD,0.08368073,2617173.0,9186277.23,9186277.23
BWP AT,BWP PROPERTY GROUP LTD,Equities,Real Estate,Australia,AUD,0.08271555,2467479.0,9080322.72,9080322.72
TAH AT,TABCORP HOLDINGS LTD,Equities,Consumer Discretionary,Australia,AUD,0.080557,9211835.0,8843361.6,8843361.6
SRG AT,SRG GLOBAL LTD,Equities,Industrials,Australia,AUD,0.07878314,2269982.0,8648631.42,8648631.42
OBM AT,ORA BANDA MINING LTD,Equities,Materials,Australia,AUD,0.07747638,5400113.0,8505177.98,8505177.98
NWS AT,NEWS CORP,Equities,Communication Services,Australia,AUD,0.07694821,173632.0,8447196.8,8447196.8
SUL AT,SUPER RETAIL GROUP LTD,Equities,Consumer Discretionary,Australia,AUD,0.07538154,628338.0,8275211.46,8275211.46
MSB AT,MESOBLAST LTD,Equities,Healthcare,Australia,AUD,0.07511527,3421569.0,8245981.29,8245981.29
FLT AT,FLIGHT CENTRE TRAVEL GROUP LTD,Equities,Consumer Discretionary,Australia,AUD,0.07246873,652621.0,7955449.99,7955449.99
HDN AT,HOMECO DAILY NEEDS REIT,Equities,Real Estate,Australia,AUD,0.07220708,7141195.0,7926726.45,7926726.45
EOS AT,ELECTRO OPTIC SYSTEMS HOLDINGS,Equities,Industrials,Australia,AUD,0.07217899,719677.0,7923643.77,7923643.77
CQR AT,CHARTER HALL RETAIL REIT,Equities,Real Estate,Australia,AUD,0.07212683,2004536.0,7917917.2,7917917.2
CNU AT,CHORUS LTD,Equities,Communication Services,Australia,AUD,0.06975585,1036216.0,7657636.24,7657636.24
NXG AT,NEXGEN ENERGY LTD,Equities,Energy,Australia,AUD,0.06959305,499331.0,7639764.3,7639764.3
LLC AT,LENDLEASE CORP LTD,Equities,Real Estate,Australia,AUD,0.06831865,2622330.0,7499863.8,7499863.8
4DX AT,4DMEDICAL LTD,Equities,Healthcare,Australia,AUD,0.06650255,2005631.0,7300496.84,7300496.84
PRN AT,PERENTI LTD,Equities,Materials,Australia,AUD,0.06644958,3171601.0,7294682.3,7294682.3
IMD AT,IMDEX LTD,Equities,Materials,Australia,AUD,0.06495631,2031554.0,7130754.54,7130754.54
DRR AT,DETERRA ROYALTIES LTD,Equities,Materials,Australia,AUD,0.06425738,1707997.0,7054027.61,7054027.61
TPG AT,TPG TELECOM LTD,Equities,Communication Services,Australia,AUD,0.06352973,1879824.0,6974147.04,6974147.04
IFT AT,INFRATIL LTD,Equities,Financials,Australia,AUD,0.06315663,582621.0,6933189.9,6933189.9
LOV AT,LOVISA HOLDINGS LTD,Equities,Consumer Discretionary,Australia,AUD,0.06313889,257667.0,6931242.3,6931242.3
NIC AT,NICKEL INDUSTRIES LTD,Equities,Materials,Australia,AUD,0.06295635,8130827.0,6911202.95,6911202.95
GYG AT,GUZMAN Y GOMEZ LTD,Equities,Consumer Discretionary,Australia,AUD,0.06272625,233977.0,6885943.11,6885943.11
BGA AT,BEGA CHEESE LTD,Equities,Consumer Staples,Australia,AUD,0.06067068,1086507.0,6660287.91,6660287.91
FBU AT,FLETCHER BUILDING LTD,Equities,Industrials,Australia,AUD,0.06022322,2034205.0,6611166.25,6611166.25
ORA AT,ORORA LTD,Equities,Materials,Australia,AUD,0.05963505,4408484.0,6546598.74,6546598.74
CYL AT,CATALYST METALS LTD,Equities,Materials,Australia,AUD,0.0594205,972138.0,6523045.98,6523045.98
DTL AT,DATA#3 LTD,Equities,Information Technology,Australia,AUD,0.05841377,584019.0,6412528.62,6412528.62
DYL AT,DEEP YELLOW LTD,Equities,Energy,Australia,AUD,0.05820756,3661829.0,6389891.6,6389891.6
DRO AT,DRONESHIELD LTD,Equities,Industrials,Australia,AUD,0.05792626,3542625.0,6359011.88,6359011.88
SRL AT,SUNRISE ENERGY METALS LTD,Equities,Materials,Australia,AUD,0.05737537,364921.0,6298536.46,6298536.46
MI6 AT,MINERALS 260 LTD,Equities,Materials,Australia,AUD,0.05675244,6961064.0,6230152.28,6230152.28
CIP AT,CENTURIA INDUSTRIAL REIT,Equities,Real Estate,Australia,AUD,0.05528798,2092892.0,6069386.8,6069386.8
MFG AT,MAGELLAN FINANCIAL GROUP LTD,Equities,Financials,Australia,AUD,0.05470611,632159.0,6005510.5,6005510.5
ARB AT,ARB CORP LTD,Equities,Consumer Discretionary,Australia,AUD,0.05419114,304140.0,5948978.4,5948978.4
DVP AT,DEVELOP GLOBAL LTD,Equities,Materials,Australia,AUD,0.05349436,1037542.0,5872487.72,5872487.72
SLC AT,SUPERLOOP LTD,Equities,Communication Services,Australia,AUD,0.05280687,1978504.0,5797016.72,5797016.72
INA AT,INGENIA COMMUNITIES GROUP,Equities,Real Estate,Australia,AUD,0.05252477,1497675.0,5766048.75,5766048.75
ELV AT,ELEVRA LITHIUM LTD,Equities,Materials,Australia,AUD,0.05236923,686035.0,5748973.3,5748973.3
FFM AT,FIREFLY METALS LTD,Equities,Materials,Australia,AUD,0.0519209,2984166.0,5699757.06,5699757.06
WPR AT,WAYPOINT REIT LTD,Equities,Real Estate,Australia,AUD,0.0511118,2309027.0,5610935.61,5610935.61
SIQ AT,SMARTGROUP CORP LTD,Equities,Industrials,Australia,AUD,0.05072693,492804.0,5568685.2,5568685.2
CIA AT,CHAMPION IRON LTD,Equities,Materials,Australia,AUD,0.04966137,1544394.0,5451710.82,5451710.82
HLI AT,HELIA GROUP LTD,Equities,Financials,Australia,AUD,0.04927486,1062727.0,5409280.43,5409280.43
SLX AT,SILEX SYSTEMS LTD,Equities,Industrials,Australia,AUD,0.04914069,920572.0,5394551.92,5394551.92
KCN AT,KINGSGATE CONSOLIDATED LTD,Equities,Materials,Australia,AUD,0.04684631,970317.0,5142680.1,5142680.1
DMP AT,DOMINO'S PIZZA ENTERPRISES LTD,Equities,Consumer Discretionary,Australia,AUD,0.04661498,252083.0,5117284.9,5117284.9
GNC AT,GRAINCORP LTD,Equities,Consumer Staples,Australia,AUD,0.04634275,839505.0,5087400.3,5087400.3
BPT AT,BEACH ENERGY LTD,Equities,Energy,Australia,AUD,0.04622055,5865879.0,5073985.34,5073985.34
ELD AT,ELDERS LTD,Equities,Consumer Staples,Australia,AUD,0.04492183,835833.0,4931414.7,4931414.7
ASB AT,AUSTAL LTD,Equities,Industrials,Australia,AUD,0.04227178,1129075.0,4640498.25,4640498.25
NCK AT,NICK SCALI LTD,Equities,Consumer Discretionary,Australia,AUD,0.04217345,311136.0,4629703.68,4629703.68
GDG AT,GENERATION DEVELOPMENT GROUP L,Equities,Financials,Australia,AUD,0.0416682,1407458.0,4574238.5,4574238.5
KAR AT,KAROON ENERGY LTD,Equities,Energy,Australia,AUD,0.04148781,2686983.0,4554436.19,4554436.19
GQG AT,GQG PARTNERS INC,Equities,Financials,Australia,AUD,0.04117897,3386167.0,4520532.94,4520532.94
NEC AT,NINE ENTERTAINMENT CO HOLDINGS,Equities,Communication Services,Australia,AUD,0.04037116,4545490.0,4431852.75,4431852.75
PXA AT,PEXA GROUP LTD,Equities,Real Estate,Australia,AUD,0.03923644,532421.0,4307285.89,4307285.89
IRE AT,IRESS LTD,Equities,Information Technology,Australia,AUD,0.03862813,707931.0,4240506.69,4240506.69
PMV AT,PREMIER INVESTMENTS LTD,Equities,Consumer Discretionary,Australia,AUD,0.03765225,353885.0,4133376.8,4133376.8
PNR AT,PANTORO GOLD LTD,Equities,Materials,Australia,AUD,0.03596385,1451481.0,3948028.32,3948028.32
JDO AT,JUDO CAPITAL HOLDINGS LTD,Equities,Financials,Australia,AUD,0.03489378,3773949.0,3830558.24,3830558.24
ARF AT,ARENA REIT,Equities,Real Estate,Australia,AUD,0.03427396,1607913.0,3762516.42,3762516.42
CNI AT,CENTURIA CAPITAL GROUP,Equities,Real Estate,Australia,AUD,0.03363016,3102388.0,3691841.72,3691841.72
WBT AT,WEEBIT NANO LTD,Equities,Information Technology,Australia,AUD,0.03093437,872983.0,3395903.87,3395903.87
IPX AT,IPERIONX LTD,Equities,Materials,Australia,AUD,0.02895054,1084684.0,3178124.12,3178124.12
XPU6 Index,SPI 200 FUTURES   SEP26,Index Futures,,,AUD,,266.0,,
AUD,AUD - AUSTRALIA DOLLAR,Cash,,,AUD,0.55001657,60379552.720000006,60379552.720000006,60379552.720000006
""
"Total weights may not add up to 100% due to rounding or immateriality. Holdings, weights and values are subject to change."
"Betashares makes no representation or warranty of any kind, either express or implied, with respect to the holdings data,"
"its timeliness, the information's use or any other matter."
